{"cameraMode":{"drawMode":0,"name":"Shaded","section":"Shading Mode"},"sceneLighting":false,"audioPlay":false,"sceneViewState":{"m_AlwaysRefresh":false,"showFog":true,"showSkybox":false,"showFlares":true,"showImageEffects":true,"showParticleSystems":true,"showVisualEffectGraphs":true,"m_FxEnabled":true},"in2DMode":false,"pivot":{"x":-13.813811302185059,"y":2.1059978008270265,"z":-28.408130645751954},"rotation":{"x":0.09989294409751892,"y":-0.30951154232025149,"z":0.032697103917598727,"w":0.9450271129608154},"size":0.443482369184494,"orthographic":false}